{
    "prepare_queue": {
        "installed": [],
        "uninstalled": []
    },
    "config_munge": {
        "files": {
            "res/xml/config.xml": {
                "parents": {
                    "/*": [
                        {
                            "xml": "<feature name=\"NfcPlugin\"><param name=\"android-package\" value=\"com.chariotsolutions.nfc.plugin.NfcPlugin\" /><param name=\"onload\" value=\"true\" /></feature>",
                            "count": 1
                        },
                        {
                            "xml": "<feature name=\"Whitelist\"><param name=\"android-package\" value=\"org.apache.cordova.whitelist.WhitelistPlugin\" /><param name=\"onload\" value=\"true\" /></feature>",
                            "count": 1
                        },
                        {
                            "xml": "<feature name=\"Device\"><param name=\"android-package\" value=\"org.apache.cordova.device.Device\" /></feature>",
                            "count": 1
                        }
                    ]
                }
            },
            "AndroidManifest.xml": {
                "parents": {
                    "/manifest": [
                        {
                            "xml": "<uses-permission android:name=\"android.permission.NFC\" />",
                            "count": 1
                        },
                        {
                            "xml": "<uses-feature android:name=\"android.hardware.nfc\" android:required=\"false\" />",
                            "count": 1
                        }
                    ]
                }
            }
        }
    },
    "installed_plugins": {
        "phonegap-nfc": {
            "PACKAGE_NAME": "io.cordova.myappc88fd6"
        },
        "cordova-plugin-whitelist": {
            "PACKAGE_NAME": "io.cordova.myappc88fd6"
        },
        "cordova-plugin-device": {
            "PACKAGE_NAME": "io.cordova.myappc88fd6"
        }
    },
    "dependent_plugins": {},
    "modules": [
        {
            "file": "plugins/phonegap-nfc/www/phonegap-nfc.js",
            "id": "phonegap-nfc.NFC",
            "runs": true
        },
        {
            "file": "plugins/cordova-plugin-device/www/device.js",
            "id": "cordova-plugin-device.device",
            "clobbers": [
                "device"
            ]
        }
    ],
    "plugin_metadata": {
        "phonegap-nfc": "0.6.6",
        "cordova-plugin-whitelist": "1.3.2",
        "cordova-plugin-device": "1.1.6"
    }
}